{"cameraMode":{"drawMode":0,"name":"Shaded","section":"Shading Mode"},"sceneLighting":false,"audioPlay":false,"sceneViewState":{"m_AlwaysRefresh":false,"showFog":true,"showSkybox":false,"showFlares":true,"showImageEffects":true,"showParticleSystems":true,"showVisualEffectGraphs":true,"m_FxEnabled":true},"in2DMode":false,"pivot":{"x":-0.1240541934967041,"y":1.0688272714614869,"z":-1.1134347915649415},"rotation":{"x":-0.16207049787044526,"y":0.48780933022499087,"z":-0.09270466864109039,"w":-0.8527722954750061},"size":1.4730803966522217,"orthographic":false}