{"cameraMode":{"drawMode":0,"name":"Shaded","section":"Shading Mode"},"sceneLighting":false,"audioPlay":false,"sceneViewState":{"m_AlwaysRefresh":false,"showFog":false,"showSkybox":false,"showFlares":false,"showImageEffects":false,"showParticleSystems":false,"showVisualEffectGraphs":true,"m_FxEnabled":true},"in2DMode":false,"pivot":{"x":-0.007927119731903077,"y":0.6183376312255859,"z":0.11418473720550537},"rotation":{"x":-0.06055686995387077,"y":0.886753261089325,"z":-0.44189494848251345,"w":-0.1215299516916275},"size":1.7169198989868165,"orthographic":false}